frame_nmr,car_id,car_bbox,license_plate_bbox,license_plate_bbox_score,license_number,license_number_score
1,4.0,[524.4305176517416 206.70817608445833 871.030221953408 605.434490148923],[655.8818359375 486.3395690917969 734.82666015625 527.9140014648438],0.29279693961143494,GJ17YPG,0.39777595560487744
55,22.0,[958.6677709533595 670.7861556396103 1366.7958373990239 991.5963715788009],[1129.2835693359375 816.897216796875 1229.706298828125 861.8953857421875],0.567324697971344,IK65HNJ,0.3844906434798391
58,22.0,[962.0969367707194 616.1251980569408 1346.020129341101 933.1076100700433],[1117.94140625 756.416015625 1216.947265625 802.3026123046875],0.6409644484519958,NR65MNJ,0.9164265011471857
59,22.0,[963.0240796903205 610.7528023197737 1342.1826069729757 925.8954004297437],[1117.8878173828125 756.3677368164062 1216.966552734375 802.3191528320312],0.642561674118042,NR65MNJ,0.9073941038884272
79,36.0,[962.7876854634071 419.29208947381824 1232.9807291281106 654.0087561389934],[1062.303466796875 515.26416015625 1148.3648681640625 563.962890625],0.5774561166763306,NK15AMJ,0.24671053362619796
